"","Series","Time","Value","temp","humidity","aq_resistance"
"2","O3",2015-11-10 08:05:00,220.305,18,57.93,3.61
"3","O3",2015-11-10 08:10:00,202.66,22.25,49.19,3.59
"4","O3",2015-11-10 08:15:00,207.135,23.58,45.29,3.57
"5","O3",2015-11-10 08:20:00,198.76,25.935,40.14,3.56
"6","O3",2015-11-10 08:25:00,192.25,29.44,34.26,3.53
"7","O3",2015-11-10 08:30:00,189.32,31.91,29.93,3.53
"8","O3",2015-11-10 08:35:00,187.895,33.78,26.6,3.5
"9","O3",2015-11-10 08:40:00,183.82,35.81,24.3933333333333,3.49
"10","O3",2015-11-10 08:45:00,178.01,37.1966666666667,22.64,3.47666666666667
"11","O3",2015-11-10 08:50:00,182.57,37.48,21.7,3.48
"12","O3",2015-11-10 08:55:00,185.48,32.44,23.69,3.51
"13","O3",2015-11-10 09:00:00,204.245,28.3,27.035,3.51
"14","O3",2015-11-10 09:05:00,214.33,24.935,30.86,3.53
"15","O3",2015-11-10 09:10:00,205.31,23.1,33.34,3.53
"16","O3",2015-11-10 09:15:00,207.89,21.81,35.46,3.55
"17","O3",2015-11-10 09:20:00,214.99,20.7,37.41,3.55
"18","O3",2015-11-10 09:25:00,205.81,19.91,39.145,3.55
"19","O3",2015-11-10 09:30:00,205.215,19.31,40.69,3.55
"20","O3",2015-11-10 09:35:00,205.515,18.95,41.75,3.56
"21","O3",2015-11-10 09:40:00,206.29,18.58,43.035,3.56
"22","O3",2015-11-10 09:45:00,200.1,18.44,43.88,3.57
"23","O3",2015-11-10 09:50:00,198.3,18.33,44.51,3.57
"24","O3",2015-11-10 09:55:00,205.24,18.23,44.97,3.57
"25","O3",2015-11-10 10:00:00,193.595,18.155,45.445,3.57
"26","O3",2015-11-10 10:05:00,201.945,18.13,45.9766666666667,3.57
"27","O3",2015-11-10 10:10:00,206.28,18.09,46.29,3.57
"28","O3",2015-11-10 10:15:00,191.435,18.19,46.46,3.57
"29","O3",2015-11-10 10:20:00,188.58,18.39,46.42,3.57
"30","O3",2015-11-10 10:25:00,193.69,18.45,46.375,3.57
"31","O3",2015-11-10 10:30:00,185.765,21.95,45.46,3.53
"32","O3",2015-11-10 10:35:00,153.71,26.08,39.55,3.51
"33","O3",2015-11-10 10:40:00,149.38,30.5,31.38,3.49
"34","O3",2015-11-10 10:45:00,147.39,33.85,26.15,3.47
"35","O3",2015-11-10 10:50:00,135.66,36.345,23.255,3.45
"36","O3",2015-11-10 10:55:00,128.72,38.665,20.295,3.44
"37","O3",2015-11-10 11:00:00,151.16,39.4,18.6,3.43
"38","O3",2015-11-10 11:05:00,147.1,40.29,18.635,3.41
"39","O3",2015-11-10 11:10:00,136.06,41.07,17.26,3.41
"40","O3",2015-11-10 11:15:00,156.105,38.3833333333333,18.6333333333333,3.43666666666667
"41","O3",2015-11-10 11:20:00,156.3,32.215,21.76,3.46
"42","O3",2015-11-10 11:25:00,139.49,28.93,24.22,3.49
"43","O3",2015-11-10 11:30:00,141.995,26.25,27.235,3.49
"44","O3",2015-11-10 11:35:00,163.47,24.17,30.02,3.51
"45","O3",2015-11-10 11:40:00,192,22.33,33.0066666666667,3.51
"46","O3",2015-11-10 11:45:00,187.225,21.29,35,3.51
"47","O3",2015-11-10 11:50:00,189.11,20.31,36.95,3.53
"48","O3",2015-11-10 11:55:00,201.24,19.3,39.325,3.53
"49","O3",2015-11-10 12:00:00,199.97,18.72,40.69,3.55
"50","O3",2015-11-10 12:05:00,208.225,18.16,42.42,3.55
"51","O3",2015-11-10 12:10:00,196.78,17.73,43.52,3.55
"52","O3",2015-11-10 12:15:00,198.815,17.3933333333333,44.7433333333333,3.55666666666667
"53","O3",2015-11-10 12:20:00,196.31,17.13,45.95,3.56
"54","O3",2015-11-10 12:25:00,208.41,16.94,46.71,3.55
"55","O3",2015-11-10 12:30:00,201.385,16.805,47.49,3.56
"56","O3",2015-11-10 12:35:00,196.86,16.73,47.85,3.57
"57","O3",2015-11-10 12:40:00,197.11,16.66,48.26,3.57
"58","O3",2015-11-10 12:45:00,207.895,16.59,48.78,3.57
"59","O3",2015-11-10 12:50:00,193.9,16.555,49.17,3.57
"61","O3",2015-11-10 13:00:00,201.56,16.44,50.02,3.57
"62","O3",2015-11-10 13:05:00,193.575,16.44,50.185,3.56
"63","O3",2015-11-10 13:10:00,197.54,16.42,50.34,3.57
"64","O3",2015-11-10 13:15:00,195.84,16.37,50.53,3.57
"65","O3",2015-11-10 13:20:00,201.91,16.355,50.685,3.57
"66","O3",2015-11-10 13:25:00,197.33,16.34,50.84,3.57
"67","O3",2015-11-10 13:30:00,202.53,16.3,51.05,3.57
"68","O3",2015-11-10 13:35:00,197.845,16.27,51.22,3.57
"69","O3",2015-11-10 13:40:00,197.2,16.22,51.345,3.57
"70","O3",2015-11-10 13:45:00,191.91,16.14,51.62,3.57
"71","O3",2015-11-10 13:50:00,193.89,16.1,51.82,3.57
"72","O3",2015-11-10 13:55:00,195.64,16.05,51.96,3.57
"73","O3",2015-11-10 14:00:00,195.015,15.93,52.27,3.57
"74","O3",2015-11-10 14:05:00,201.64,15.86,52.39,3.57
"75","O3",2015-11-10 14:10:00,190.58,15.76,52.685,3.57
"76","O3",2015-11-10 14:15:00,189.055,15.66,52.96,3.57
"77","O3",2015-11-10 14:20:00,202.835,15.585,53.255,3.57
"78","O3",2015-11-10 14:25:00,196.04,15.39,53.58,3.57
"79","O3",2015-11-10 14:30:00,202.52,15.21,53.88,3.57
"80","O3",2015-11-10 14:35:00,197.08,15.06,54.23,3.57
"81","O3",2015-11-10 14:40:00,202.43,14.95,54.6,3.57
"82","O3",2015-11-10 14:45:00,204.25,14.805,54.81,3.57
"83","O3",2015-11-10 14:50:00,206.125,14.675,55.135,3.57
"84","O3",2015-11-10 14:55:00,215.17,14.55,55.41,3.57
"85","O3",2015-11-10 15:00:00,204.865,14.46,55.705,3.57
"86","O3",2015-11-10 15:05:00,203.395,14.4,55.98,3.57
"87","O3",2015-11-10 15:10:00,197.78,14.33,56.225,3.57
"88","O3",2015-11-10 15:15:00,217.895,14.21,56.685,3.57
"89","O3",2015-11-10 15:20:00,215.51,14.15,56.91,3.57
"90","O3",2015-11-10 15:25:00,218.76,14.075,57.255,3.57
"91","O3",2015-11-10 15:30:00,208.54,13.98,57.46,3.59
"92","O3",2015-11-10 15:35:00,208.995,13.89,57.82,3.57
"93","O3",2015-11-10 15:40:00,210.57,13.83,57.83,3.58
"94","O3",2015-11-10 15:45:00,211.15,13.78,57.9,3.59
"95","O3",2015-11-10 15:50:00,213.055,13.705,57.99,3.59
"96","O3",2015-11-10 15:55:00,217.02,13.66,58.11,3.59
"97","O3",2015-11-10 16:00:00,204.53,13.61,58.245,3.59
"98","O3",2015-11-10 16:05:00,204.15,13.57,58.405,3.59
"99","O3",2015-11-10 16:10:00,213.25,13.54,58.52,3.59
"100","O3",2015-11-10 16:15:00,213.2,13.5,58.5366666666667,3.57
"101","O3",2015-11-10 16:20:00,210.69,13.46,58.66,3.59
"102","O3",2015-11-10 16:25:00,214.36,13.435,58.82,3.59
"103","O3",2015-11-10 16:30:00,211.75,13.41,59.03,3.59
"104","O3",2015-11-10 16:35:00,214.955,13.42,59.16,3.57
"105","O3",2015-11-10 16:40:00,209.58,13.38,59.335,3.59
"106","O3",2015-11-10 16:45:00,217.27,13.37,59.34,3.59
"107","O3",2015-11-10 16:50:00,213.1,13.345,59.4,3.59
"108","O3",2015-11-10 16:55:00,218.92,13.25,59.495,3.59
"109","O3",2015-11-10 17:00:00,218.32,13.16,59.6,3.59
"110","O3",2015-11-10 17:05:00,212.75,13.0933333333333,59.76,3.59
"111","O3",2015-11-10 17:10:00,215.34,13.05,59.94,3.59
"112","O3",2015-11-10 17:15:00,216.545,13.025,60.15,3.59
"113","O3",2015-11-10 17:20:00,220.3,12.99,60.365,3.59
"114","O3",2015-11-10 17:25:00,211.27,12.9633333333333,60.4333333333333,3.59
"115","O3",2015-11-10 17:30:00,212.6,12.92,60.5833333333333,3.59
"116","O3",2015-11-10 17:35:00,212.05,12.88,60.71,3.59
"117","O3",2015-11-10 17:40:00,210.3,12.825,60.79,3.59
"118","O3",2015-11-10 17:45:00,213.35,12.7966666666667,61.0133333333333,3.59
"119","O3",2015-11-10 17:50:00,208.39,12.74,61.18,3.59
"120","O3",2015-11-10 17:55:00,215.06,12.735,61.255,3.59
"122","O3",2015-11-10 18:05:00,220.165,12.71,61.395,3.59
"123","O3",2015-11-10 18:10:00,215.67,12.67,61.415,3.59
"124","O3",2015-11-10 18:15:00,212.26,12.62,61.44,3.59
"125","O3",2015-11-10 18:20:00,215.325,12.575,61.59,3.59
"126","O3",2015-11-10 18:25:00,220.32,12.53,61.75,3.59
"127","O3",2015-11-10 18:30:00,210.9,12.475,61.895,3.59
"128","O3",2015-11-10 18:35:00,215.295,12.415,62.005,3.59
"129","O3",2015-11-10 18:40:00,215.96,12.38,62.1,3.59
"130","O3",2015-11-10 18:45:00,216.085,12.335,62.115,3.6
"131","O3",2015-11-10 18:50:00,216.505,12.28,62.14,3.61
"132","O3",2015-11-10 18:55:00,223.49,12.185,62.21,3.61
"133","O3",2015-11-10 19:00:00,223.57,12.09,62.34,3.6
"134","O3",2015-11-10 19:05:00,221.19,12.04,62.46,3.61
"135","O3",2015-11-10 19:10:00,224.68,12.015,62.65,3.61
"136","O3",2015-11-10 19:15:00,223.925,12.01,62.85,3.59
"137","O3",2015-11-10 19:20:00,225.615,12,63.09,3.61
"138","O3",2015-11-10 19:25:00,223.45,12.02,63.325,3.61
"139","O3",2015-11-10 19:30:00,228.625,11.98,63.34,3.61
"140","O3",2015-11-10 19:35:00,219.765,11.95,63.44,3.61
"141","O3",2015-11-10 19:40:00,223.67,11.91,63.53,3.61
"142","O3",2015-11-10 19:45:00,221.01,11.88,63.59,3.61
"143","O3",2015-11-10 19:50:00,223.93,11.865,63.675,3.61
"144","O3",2015-11-10 19:55:00,231.12,11.84,63.68,3.61
"145","O3",2015-11-10 20:00:00,232.795,11.85,63.74,3.61
"146","O3",2015-11-10 20:05:00,223.775,11.83,63.76,3.61
"147","O3",2015-11-10 20:10:00,221.17,11.8,63.755,3.61
"148","O3",2015-11-10 20:15:00,225.52,11.755,63.775,3.61
"149","O3",2015-11-10 20:20:00,224.15,11.74,63.77,3.61
"150","O3",2015-11-10 20:25:00,227.21,11.695,63.765,3.61
"151","O3",2015-11-10 20:30:00,225.57,11.63,63.8,3.61
"152","O3",2015-11-10 20:35:00,222.095,11.61,63.87,3.61
"153","O3",2015-11-10 20:40:00,216.64,11.575,63.96,3.61
"154","O3",2015-11-10 20:45:00,223.49,11.55,64.03,3.61
"155","O3",2015-11-10 20:50:00,228.385,11.54,64.125,3.61
"156","O3",2015-11-10 20:55:00,221.54,11.53,64.21,3.61
"157","O3",2015-11-10 21:00:00,222.385,11.53,64.3,3.61
"158","O3",2015-11-10 21:05:00,228.275,11.55,64.43,3.61
"159","O3",2015-11-10 21:10:00,220.85,11.55,64.5,3.61
"160","O3",2015-11-10 21:15:00,224.935,11.56,64.545,3.61
"161","O3",2015-11-10 21:20:00,230.505,11.58,64.62,3.61
"162","O3",2015-11-10 21:25:00,233.65,11.55,64.75,3.63
"163","O3",2015-11-10 21:30:00,236.425,11.57,64.82,3.63
"164","O3",2015-11-10 21:35:00,234.005,11.55,64.89,3.63
"165","O3",2015-11-10 21:40:00,240.11,11.55,64.93,3.62
"166","O3",2015-11-10 21:45:00,230.885,11.55,65.03,3.61
"167","O3",2015-11-10 21:50:00,237.025,11.57,65.085,3.62
"168","O3",2015-11-10 21:55:00,240.15,11.58,65.23,3.63
"169","O3",2015-11-10 22:00:00,232.55,11.59,65.4,3.63
"170","O3",2015-11-10 22:05:00,234.485,11.585,65.56,3.63
"171","O3",2015-11-10 22:10:00,238.67,11.6,65.7,3.63
"172","O3",2015-11-10 22:15:00,234.705,11.6,65.8533333333333,3.63
"173","O3",2015-11-10 22:20:00,233.645,11.62,65.9066666666667,3.63
"174","O3",2015-11-10 22:25:00,238.71,11.62,66.02,3.63
"175","O3",2015-11-10 22:30:00,232.755,11.625,66.165,3.63
"176","O3",2015-11-10 22:35:00,236.465,11.65,66.31,3.63
"177","O3",2015-11-10 22:40:00,237.47,11.665,66.465,3.63
"178","O3",2015-11-10 22:45:00,238.67,11.7,66.6,3.63
"179","O3",2015-11-10 22:50:00,232.865,11.74,66.71,3.63
"180","O3",2015-11-10 22:55:00,248.02,11.78,66.755,3.63
"181","O3",2015-11-10 23:00:00,237.1,11.81,66.83,3.63
"182","O3",2015-11-10 23:05:00,227.465,11.835,66.93,3.63
"183","O3",2015-11-10 23:10:00,233.6,11.8966666666667,66.99,3.63
"184","O3",2015-11-10 23:15:00,231.585,11.94,67.02,3.63
"185","O3",2015-11-10 23:20:00,229.155,11.975,66.985,3.63
"186","O3",2015-11-10 23:25:00,236.63,12.01,66.96,3.63
"187","O3",2015-11-10 23:30:00,236.465,12,66.89,3.63
"188","O3",2015-11-10 23:35:00,223.6,11.99,66.835,3.63
"189","O3",2015-11-10 23:40:00,230.82,11.97,66.83,3.63
"190","O3",2015-11-10 23:45:00,231.09,11.935,66.815,3.63
"191","O3",2015-11-10 23:50:00,231.21,11.93,66.84,3.63
"192","O3",2015-11-10 23:55:00,225.47,11.89,66.86,3.63
"193","O3",2015-11-11 00:00:00,235.68,11.84,66.84,3.63
"194","O3",2015-11-11 00:05:00,234.11,11.83,66.86,3.63
"195","O3",2015-11-11 00:10:00,233.22,11.8,66.865,3.64
"196","O3",2015-11-11 00:15:00,225.38,11.77,66.92,3.63
"197","O3",2015-11-11 00:20:00,233.075,11.765,66.99,3.64
"198","O3",2015-11-11 00:25:00,239.47,11.76,67.16,3.63
"199","O3",2015-11-11 00:30:00,233.09,11.76,67.25,3.63
"200","O3",2015-11-11 00:35:00,233.285,11.735,67.355,3.64
"201","O3",2015-11-11 00:40:00,231.83,11.73,67.47,3.63
"202","O3",2015-11-11 00:45:00,232.285,11.72,67.65,3.65
"203","O3",2015-11-11 00:50:00,231.69,11.715,67.71,3.64
"204","O3",2015-11-11 00:55:00,235.03,11.69,67.77,3.63
"206","O3",2015-11-11 01:05:00,226.41,11.65,67.74,3.65
"207","O3",2015-11-11 01:10:00,230.95,11.625,67.71,3.65
"208","O3",2015-11-11 01:15:00,226.22,11.585,67.665,3.65
"209","O3",2015-11-11 01:20:00,225.27,11.58,67.62,3.65
"210","O3",2015-11-11 01:25:00,230.85,11.535,67.535,3.65
"211","O3",2015-11-11 01:30:00,229.12,11.49,67.47,3.65
"212","O3",2015-11-11 01:35:00,220.07,11.47,67.385,3.65
"213","O3",2015-11-11 01:40:00,228.44,11.45,67.32,3.65
"215","O3",2015-11-11 01:50:00,234.3,11.39,67.18,3.65
"216","O3",2015-11-11 01:55:00,229.23,11.4,67.13,3.65
"217","O3",2015-11-11 02:00:00,232.375,11.42,67.05,3.65
"218","O3",2015-11-11 02:05:00,233.915,11.45,67.01,3.65
"219","O3",2015-11-11 02:10:00,230.77,11.455,66.9,3.65
"220","O3",2015-11-11 02:15:00,236.69,11.455,66.725,3.66
"221","O3",2015-11-11 02:20:00,240.795,11.45,66.52,3.67
"222","O3",2015-11-11 02:25:00,234.19,11.405,66.425,3.66
"223","O3",2015-11-11 02:30:00,229.47,11.37,66.32,3.67
"224","O3",2015-11-11 02:35:00,230.285,11.36,66.235,3.66
"225","O3",2015-11-11 02:40:00,238.04,11.345,66.07,3.67
"226","O3",2015-11-11 02:45:00,231.66,11.35,65.95,3.67
"227","O3",2015-11-11 02:50:00,232.75,11.36,65.77,3.67
"228","O3",2015-11-11 02:55:00,239.03,11.38,65.59,3.67
"229","O3",2015-11-11 03:00:00,229.055,11.425,65.405,3.67
"230","O3",2015-11-11 03:05:00,234.075,11.455,65.16,3.67
"231","O3",2015-11-11 03:10:00,234.18,11.49,65,3.67
"232","O3",2015-11-11 03:15:00,235.98,11.49,64.835,3.67
"233","O3",2015-11-11 03:20:00,235.595,11.52,64.71,3.67
"234","O3",2015-11-11 03:25:00,234.87,11.51,64.6,3.67
"235","O3",2015-11-11 03:30:00,230.47,11.5,64.435,3.67
"236","O3",2015-11-11 03:35:00,224.925,11.46,64.29,3.67
"237","O3",2015-11-11 03:40:00,233.7,11.44,64.215,3.67
"238","O3",2015-11-11 03:45:00,231.28,11.38,64.18,3.67
"239","O3",2015-11-11 03:50:00,235.44,11.365,64.165,3.67
"240","O3",2015-11-11 03:55:00,226.29,11.305,64.075,3.67
"241","O3",2015-11-11 04:00:00,229.67,11.24,64.04,3.67
"242","O3",2015-11-11 04:05:00,228.4,11.155,64.07,3.67
"243","O3",2015-11-11 04:10:00,239.8,11.09,64.11,3.67
"244","O3",2015-11-11 04:15:00,233.105,10.995,64.26,3.67
"245","O3",2015-11-11 04:20:00,237.145,10.96,64.385,3.67
"246","O3",2015-11-11 04:25:00,235.88,10.93,64.46,3.67
"247","O3",2015-11-11 04:30:00,234.595,10.9,64.4966666666667,3.67
"248","O3",2015-11-11 04:35:00,249.355,10.83,64.55,3.67
"249","O3",2015-11-11 04:40:00,242.84,10.8,64.61,3.67
"250","O3",2015-11-11 04:45:00,235.605,10.755,64.695,3.68
"251","O3",2015-11-11 04:50:00,232.27,10.72,64.74,3.67
"253","O3",2015-11-11 05:00:00,235.26,10.62,64.76,3.67
"254","O3",2015-11-11 05:05:00,238.85,10.585,64.84,3.69
"255","O3",2015-11-11 05:10:00,239.9,10.56,64.96,3.68
"256","O3",2015-11-11 05:15:00,242.87,10.55,65.01,3.69
"257","O3",2015-11-11 05:20:00,238.415,10.55,65.115,3.68
"258","O3",2015-11-11 05:25:00,241.7,10.55,65.23,3.69
"259","O3",2015-11-11 05:30:00,239.475,10.56,65.28,3.69
"260","O3",2015-11-11 05:35:00,233.545,10.58,65.33,3.68
"261","O3",2015-11-11 05:40:00,236.87,10.62,65.31,3.69
"262","O3",2015-11-11 05:45:00,240.42,10.635,65.25,3.69
"263","O3",2015-11-11 05:50:00,238.465,10.69,65.24,3.69
"264","O3",2015-11-11 05:55:00,242.86,10.74,65.175,3.69
"265","O3",2015-11-11 06:00:00,235.98,10.79,65.09,3.67
"266","O3",2015-11-11 06:05:00,235.69,10.825,65.005,3.68
"267","O3",2015-11-11 06:10:00,241.4,10.855,64.875,3.69
"268","O3",2015-11-11 06:15:00,239.9,10.87,64.82,3.68
"269","O3",2015-11-11 06:20:00,242.475,10.88,64.76,3.67
"270","O3",2015-11-11 06:25:00,239.39,10.875,64.655,3.69
"271","O3",2015-11-11 06:30:00,235.385,10.9,64.58,3.67
"272","O3",2015-11-11 06:35:00,241.58,10.86,64.51,3.69
"273","O3",2015-11-11 06:40:00,235.82,10.88,64.42,3.67
"274","O3",2015-11-11 06:45:00,241.385,10.9,64.32,3.69
"275","O3",2015-11-11 06:50:00,236.385,10.915,64.225,3.67
"276","O3",2015-11-11 06:55:00,237.5,10.96,64.12,3.69
"277","O3",2015-11-11 07:00:00,243.19,10.98,63.995,3.67
"278","O3",2015-11-11 07:05:00,241.09,11.03,63.84,3.67
"279","O3",2015-11-11 07:10:00,239.2,11.09,63.725,3.67
"280","O3",2015-11-11 07:15:00,236.26,11.205,63.49,3.67
"281","O3",2015-11-11 07:20:00,238.63,11.31,63.32,3.67
"282","O3",2015-11-11 07:25:00,232.82,11.4,63.045,3.67
"283","O3",2015-11-11 07:30:00,233.795,11.515,62.715,3.67
"284","O3",2015-11-11 07:35:00,240.14,11.6,62.45,3.67
"286","O3",2015-11-11 07:45:00,245.015,11.87,61.85,3.67
"287","O3",2015-11-11 07:50:00,241.6,11.985,61.605,3.67
"288","O3",2015-11-11 07:55:00,236.85,12.425,60.94,3.66
"289","O3",2015-11-11 08:00:00,244.29,15.45,57.66,3.65
"290","O3",2015-11-11 08:05:00,225.575,18.515,51.5,3.63
"291","O3",2015-11-11 08:10:00,222.52,21.06,46.14,3.61
"292","O3",2015-11-11 08:15:00,217.38,23.1,40.6,3.6
"293","O3",2015-11-11 08:20:00,201.22,25.62,37.87,3.59
"294","O3",2015-11-11 08:25:00,205.11,28.425,32.705,3.56
"295","O3",2015-11-11 08:30:00,190.985,32.09,28.165,3.54
"296","O3",2015-11-11 08:35:00,182.62,34.23,25.04,3.51
"297","O3",2015-11-11 08:40:00,184.39,36.03,23.005,3.52
"298","O3",2015-11-11 08:45:00,190.59,32.5,23.21,3.53
"299","O3",2015-11-11 08:50:00,211.63,28.21,26.475,3.55
"300","O3",2015-11-11 08:55:00,196.78,24.8,29.6466666666667,3.55666666666667
"301","O3",2015-11-11 09:00:00,211.7,22.7,31.81,3.57
"302","O3",2015-11-11 09:05:00,211.725,21.265,33.415,3.59
"303","O3",2015-11-11 09:10:00,215.88,20.01,35.16,3.59
"304","O3",2015-11-11 09:15:00,212.435,19.07,36.67,3.59
"305","O3",2015-11-11 09:20:00,210.215,18.235,38.5,3.59
"306","O3",2015-11-11 09:25:00,202.6,17.9,39.48,3.59
"307","O3",2015-11-11 09:30:00,204.595,17.73,40.35,3.61
"308","O3",2015-11-11 09:35:00,211.025,17.61,41.1,3.61
"309","O3",2015-11-11 09:40:00,201.07,17.5,41.715,3.6
"310","O3",2015-11-11 09:45:00,202.32,17.465,42.37,3.59
"311","O3",2015-11-11 09:50:00,199.21,17.5,42.78,3.59
"312","O3",2015-11-11 09:55:00,195.6,17.59,43.13,3.59
"313","O3",2015-11-11 10:00:00,189.355,17.66,43.27,3.59
"314","O3",2015-11-11 10:05:00,191.3,17.765,43.395,3.59
"315","O3",2015-11-11 10:10:00,189.59,17.875,43.35,3.6
"316","O3",2015-11-11 10:15:00,196.13,18.05,43.51,3.59
"317","O3",2015-11-11 10:20:00,185.25,18.105,43.54,3.59
"318","O3",2015-11-11 10:25:00,193.05,18.28,43.46,3.59
"319","O3",2015-11-11 10:30:00,184.81,18.39,43.405,3.59
"320","O3",2015-11-11 10:35:00,177.41,18.575,43.35,3.59
"321","O3",2015-11-11 10:40:00,169.3,18.72,43.3,3.59
"322","O3",2015-11-11 10:45:00,181.855,18.835,43.11,3.59
"323","O3",2015-11-11 10:50:00,181.055,18.91,42.97,3.59
"324","O3",2015-11-11 10:55:00,160.63,18.985,42.915,3.59
"325","O3",2015-11-11 11:00:00,180.61,19.0933333333333,42.86,3.59
"326","O3",2015-11-11 11:05:00,180.41,19.06,42.57,3.59
"327","O3",2015-11-11 11:10:00,170.99,18.99,42.745,3.59
"328","O3",2015-11-11 11:15:00,175.9,18.79,42.67,3.59
"329","O3",2015-11-11 11:20:00,177.64,18.48,42.995,3.59
"330","O3",2015-11-11 11:25:00,177.31,18.09,43.49,3.59
"331","O3",2015-11-11 11:30:00,177.715,17.75,43.995,3.6
"332","O3",2015-11-11 11:35:00,187.55,17.325,44.705,3.59
"333","O3",2015-11-11 11:40:00,193.12,17.08,45.23,3.61
"334","O3",2015-11-11 11:45:00,189.12,16.91,45.705,3.6
"335","O3",2015-11-11 11:50:00,189.29,16.84,45.98,3.61
"336","O3",2015-11-11 11:55:00,201.62,16.795,46.2,3.61
"337","O3",2015-11-11 12:00:00,203.175,16.72,46.515,3.61
"338","O3",2015-11-11 12:05:00,201.46,16.66,46.77,3.59
"339","O3",2015-11-11 12:10:00,209.97,16.6,46.98,3.61
"340","O3",2015-11-11 12:15:00,204.095,16.56,47.1,3.61
"341","O3",2015-11-11 12:20:00,201.52,16.535,47.165,3.61
"343","O3",2015-11-11 12:30:00,208.81,16.44,47.54,3.61
"344","O3",2015-11-11 12:35:00,207.63,16.325,47.625,3.61
"345","O3",2015-11-11 12:40:00,215.38,16.22,47.75,3.61
"346","O3",2015-11-11 12:45:00,204.725,16.125,47.96,3.61
"347","O3",2015-11-11 12:50:00,203.025,16.04,48.1,3.61
"348","O3",2015-11-11 12:55:00,213.75,16,48.32,3.61
"349","O3",2015-11-11 13:00:00,203.365,15.955,48.455,3.61
"350","O3",2015-11-11 13:05:00,206.69,15.94,48.55,3.61
"351","O3",2015-11-11 13:10:00,193.97,15.9,48.615,3.61
"352","O3",2015-11-11 13:15:00,206.91,15.82,48.705,3.61
"353","O3",2015-11-11 13:20:00,202.055,15.77,48.71,3.61
"354","O3",2015-11-11 13:25:00,208.14,15.7,48.745,3.61
"355","O3",2015-11-11 13:30:00,217.245,15.65,48.86,3.61
"356","O3",2015-11-11 13:35:00,210.11,15.615,49.19,3.61
"357","O3",2015-11-11 13:40:00,204.69,15.545,49.675,3.61
"358","O3",2015-11-11 13:45:00,211.8,15.5,49.95,3.61
"359","O3",2015-11-11 13:50:00,204.75,15.335,50.15,3.62
"360","O3",2015-11-11 13:55:00,217.22,15.23,50.4,3.63
"361","O3",2015-11-11 14:00:00,212.065,15.11,50.615,3.62
"362","O3",2015-11-11 14:05:00,223.975,14.975,50.915,3.62
"363","O3",2015-11-11 14:10:00,212.75,14.88,51.17,3.63
"364","O3",2015-11-11 14:15:00,224.905,14.82,51.26,3.61
"366","O3",2015-11-11 14:25:00,218.17,14.615,51.785,3.61
"367","O3",2015-11-11 14:30:00,217.77,14.5,52.02,3.61
"368","O3",2015-11-11 14:35:00,221.67,14.36,52.31,3.63
"369","O3",2015-11-11 14:40:00,223.92,14.25,52.635,3.62
"370","O3",2015-11-11 14:45:00,220.82,14.15,52.87,3.63
"371","O3",2015-11-11 14:50:00,218.725,14.065,53.07,3.61
"372","O3",2015-11-11 14:55:00,215.26,13.92,53.36,3.63
"373","O3",2015-11-11 15:00:00,224.315,13.82,53.5,3.63
"374","O3",2015-11-11 15:05:00,223.71,13.74,53.705,3.62
"376","O3",2015-11-11 15:15:00,228.61,13.585,54.225,3.62
"377","O3",2015-11-11 15:20:00,219.85,13.47,54.475,3.61
"378","O3",2015-11-11 15:25:00,224.61,13.39,54.64,3.63
"379","O3",2015-11-11 15:30:00,224.93,13.32,54.8,3.62
"380","O3",2015-11-11 15:35:00,231.735,13.22,54.99,3.61
"381","O3",2015-11-11 15:40:00,230.38,13.15,55.15,3.61
"382","O3",2015-11-11 15:45:00,236.225,13.06,55.405,3.63
"383","O3",2015-11-11 15:50:00,222.985,12.99,55.78,3.63
"384","O3",2015-11-11 15:55:00,223.35,12.945,55.97,3.63
"385","O3",2015-11-11 16:00:00,233.1,12.87,56.08,3.63
"386","O3",2015-11-11 16:05:00,228.735,12.79,56.4,3.63
"387","O3",2015-11-11 16:10:00,234.16,12.71,56.625,3.62
"388","O3",2015-11-11 16:15:00,233.005,12.65,56.77,3.63
"389","O3",2015-11-11 16:20:00,228.31,12.56,56.9166666666667,3.62333333333333
"390","O3",2015-11-11 16:25:00,234.17,12.52,56.99,3.61
"391","O3",2015-11-11 16:30:00,232.315,12.465,57.085,3.63
"392","O3",2015-11-11 16:35:00,230.64,12.385,57.32,3.63
"393","O3",2015-11-11 16:40:00,237.36,12.32,57.37,3.63
"394","O3",2015-11-11 16:45:00,232.755,12.28,57.375,3.63
"395","O3",2015-11-11 16:50:00,237.8,12.25,57.65,3.63
"396","O3",2015-11-11 16:55:00,230.34,12.2,57.775,3.63
"397","O3",2015-11-11 17:00:00,230.69,12.16,57.88,3.62333333333333
"398","O3",2015-11-11 17:05:00,241.28,12.14,58,3.62333333333333
"399","O3",2015-11-11 17:10:00,234.69,12.13,58.14,3.63
"400","O3",2015-11-11 17:15:00,228.79,12.11,58.2,3.63
"401","O3",2015-11-11 17:20:00,232.715,12.06,58.28,3.63
"402","O3",2015-11-11 17:25:00,227.22,12.01,58.37,3.63
"403","O3",2015-11-11 17:30:00,230.5,11.95,58.45,3.63
"404","O3",2015-11-11 17:35:00,240.685,11.875,58.67,3.63
"405","O3",2015-11-11 17:40:00,236.66,11.83,58.89,3.63
"406","O3",2015-11-11 17:45:00,230.82,11.795,59.06,3.63
"407","O3",2015-11-11 17:50:00,232.695,11.72,59.35,3.63
"408","O3",2015-11-11 17:55:00,230.63,11.68,59.51,3.63
"409","O3",2015-11-11 18:00:00,231.995,11.625,59.65,3.63
"410","O3",2015-11-11 18:05:00,238.66,11.6,59.74,3.63
"411","O3",2015-11-11 18:10:00,231.41,11.535,59.865,3.64
"412","O3",2015-11-11 18:15:00,233.38,11.48,59.98,3.65
"413","O3",2015-11-11 18:20:00,238.93,11.43,60.07,3.63
"414","O3",2015-11-11 18:25:00,235.38,11.375,60.09,3.65
"415","O3",2015-11-11 18:30:00,237.08,11.34,60.16,3.65
"416","O3",2015-11-11 18:35:00,235.8,11.31,60.225,3.65
"417","O3",2015-11-11 18:40:00,235.48,11.275,60.335,3.65
"418","O3",2015-11-11 18:45:00,234.77,11.27,60.49,3.65
"419","O3",2015-11-11 18:50:00,236.165,11.29,60.58,3.65
"420","O3",2015-11-11 18:55:00,248.12,11.3,60.7,3.65
"421","O3",2015-11-11 19:00:00,231.975,11.28,60.72,3.65
"422","O3",2015-11-11 19:05:00,229.66,11.235,60.705,3.65
"423","O3",2015-11-11 19:10:00,246.45,11.23,60.74,3.65
"424","O3",2015-11-11 19:15:00,237.135,11.185,60.81,3.65
"425","O3",2015-11-11 19:20:00,232.405,11.16,60.93,3.65
"426","O3",2015-11-11 19:25:00,241.86,11.1,60.965,3.65
"427","O3",2015-11-11 19:30:00,236.16,11.06,61.08,3.65
"428","O3",2015-11-11 19:35:00,232.55,11,61.17,3.65
"429","O3",2015-11-11 19:40:00,233.98,10.955,61.25,3.65
"431","O3",2015-11-11 19:50:00,234.115,10.89,61.445,3.65
"432","O3",2015-11-11 19:55:00,232.3,10.845,61.52,3.66
"433","O3",2015-11-11 20:00:00,246.805,10.8,61.66,3.67
"434","O3",2015-11-11 20:05:00,247.16,10.77,61.81,3.65
"435","O3",2015-11-11 20:10:00,247.14,10.75,62.01,3.67
"436","O3",2015-11-11 20:15:00,243.23,10.74,62.165,3.66
"437","O3",2015-11-11 20:20:00,236.855,10.72,62.425,3.66
"438","O3",2015-11-11 20:25:00,246.6,10.72,62.58,3.67
"439","O3",2015-11-11 20:30:00,247.305,10.745,62.73,3.66
"440","O3",2015-11-11 20:35:00,238.575,10.76,63,3.65
"441","O3",2015-11-11 20:40:00,242.94,10.805,63.115,3.67
"442","O3",2015-11-11 20:45:00,245,10.86,63.24,3.67
"444","O3",2015-11-11 20:55:00,238.76,10.84,63.445,3.67
"445","O3",2015-11-11 21:00:00,216.775,10.85,63.59,3.67
"446","O3",2015-11-11 21:05:00,253.61,10.825,63.62,3.67
"447","O3",2015-11-11 21:10:00,231.72,10.81,63.715,3.67
"448","O3",2015-11-11 21:15:00,242.57,10.82,63.79,3.67
"449","O3",2015-11-11 21:20:00,240.215,10.825,63.88,3.67
"450","O3",2015-11-11 21:25:00,238.72,10.86,63.94,3.67
"451","O3",2015-11-11 21:30:00,249.64,10.865,64.015,3.67
"452","O3",2015-11-11 21:35:00,238.195,10.89,64.145,3.67
"453","O3",2015-11-11 21:40:00,239.02,10.9,64.26,3.67
"454","O3",2015-11-11 21:45:00,243.96,10.905,64.35,3.66
"455","O3",2015-11-11 21:50:00,241.1,10.89,64.45,3.67
"456","O3",2015-11-11 21:55:00,238.65,10.9,64.565,3.67
"457","O3",2015-11-11 22:00:00,231.215,10.895,64.675,3.67
"458","O3",2015-11-11 22:05:00,239.075,10.89,64.8,3.67
"459","O3",2015-11-11 22:10:00,244.04,10.89,64.9,3.67
"460","O3",2015-11-11 22:15:00,240.415,10.86,65.05,3.67
"461","O3",2015-11-11 22:20:00,248.755,10.84,65.22,3.67
"462","O3",2015-11-11 22:25:00,238.33,10.825,65.395,3.67
"463","O3",2015-11-11 22:30:00,244.72,10.86,65.61,3.67
"464","O3",2015-11-11 22:35:00,244.41,10.875,65.93,3.67
"465","O3",2015-11-11 22:40:00,242.93,10.92,66.11,3.67
"466","O3",2015-11-11 22:45:00,244.695,10.95,66.3,3.67
"467","O3",2015-11-11 22:50:00,249.645,11.03,66.61,3.67
"468","O3",2015-11-11 22:55:00,243.61,11.07,66.89,3.67
"469","O3",2015-11-11 23:00:00,252.925,11.14,67.15,3.67
"470","O3",2015-11-11 23:05:00,245.505,11.2,67.31,3.67
"471","O3",2015-11-11 23:10:00,252.84,11.225,67.435,3.67
"472","O3",2015-11-11 23:15:00,250.235,11.285,67.465,3.67
"473","O3",2015-11-11 23:20:00,241.665,11.3,67.58,3.67
"474","O3",2015-11-11 23:25:00,239.31,11.325,67.66,3.67
"475","O3",2015-11-11 23:30:00,244.025,11.34,67.74,3.67
"476","O3",2015-11-11 23:35:00,235.605,11.375,67.71,3.67
"477","O3",2015-11-11 23:40:00,235.87,11.41,67.775,3.67
"478","O3",2015-11-11 23:45:00,235.73,11.45,67.8,3.67
"479","O3",2015-11-11 23:50:00,229.935,11.4266666666667,67.9666666666667,3.67
"480","O3",2015-11-11 23:55:00,227.56,11.42,67.93,3.67
"481","O3",2015-11-12 00:00:00,235.11,11.3666666666667,67.84,3.67
"482","O3",2015-11-12 00:05:00,239.535,11.285,67.815,3.67
"483","O3",2015-11-12 00:10:00,246.74,11.24,67.89,3.67
"484","O3",2015-11-12 00:15:00,240.185,11.25,67.985,3.67
"485","O3",2015-11-12 00:20:00,238.77,11.24,68.08,3.67
"486","O3",2015-11-12 00:25:00,245.89,11.285,68.24,3.67
"487","O3",2015-11-12 00:30:00,245.36,11.315,68.35,3.67
"488","O3",2015-11-12 00:35:00,239.58,11.38,68.48,3.67
"489","O3",2015-11-12 00:40:00,238.43,11.44,68.59,3.67
"490","O3",2015-11-12 00:45:00,247.545,11.48,68.71,3.67
"491","O3",2015-11-12 00:50:00,239.525,11.535,68.795,3.67
"492","O3",2015-11-12 00:55:00,245.19,11.59,68.875,3.67
"493","O3",2015-11-12 01:00:00,248.155,11.59,68.98,3.67
"494","O3",2015-11-12 01:05:00,247.98,11.61,69.17,3.67
"495","O3",2015-11-12 01:10:00,245.4,11.66,69.23,3.67
"496","O3",2015-11-12 01:15:00,250,11.68,69.315,3.67
"497","O3",2015-11-12 01:20:00,243.775,11.765,69.4,3.67
"498","O3",2015-11-12 01:25:00,239.45,11.86,69.51,3.67
"499","O3",2015-11-12 01:30:00,245.4,11.94,69.575,3.67
"500","O3",2015-11-12 01:35:00,244.545,12,69.58,3.67
"501","O3",2015-11-12 01:40:00,238.7,12.115,69.57,3.67
"502","O3",2015-11-12 01:45:00,244.635,12.215,69.565,3.67
"503","O3",2015-11-12 01:50:00,231.26,12.27,69.57,3.67
"504","O3",2015-11-12 01:55:00,238.64,12.34,69.57,3.65
"505","O3",2015-11-12 02:00:00,235.76,12.43,69.57,3.67
"506","O3",2015-11-12 02:05:00,232.42,12.515,69.565,3.65
"507","O3",2015-11-12 02:10:00,226.99,12.62,69.54,3.65
"508","O3",2015-11-12 02:15:00,238.18,12.7,69.48,3.65
"509","O3",2015-11-12 02:20:00,229.43,12.81,69.45,3.67
"510","O3",2015-11-12 02:25:00,222.71,12.89,69.44,3.65
"511","O3",2015-11-12 02:30:00,230.565,12.99,69.385,3.65
"512","O3",2015-11-12 02:35:00,227.995,13.095,69.335,3.65
"513","O3",2015-11-12 02:40:00,223.25,13.15,69.27,3.65
"514","O3",2015-11-12 02:45:00,224.735,13.24,69.21,3.65
"515","O3",2015-11-12 02:50:00,230.325,13.3,69.1,3.65
"516","O3",2015-11-12 02:55:00,215.21,13.38,69.01,3.65
"517","O3",2015-11-12 03:00:00,222.72,13.455,68.875,3.65
"518","O3",2015-11-12 03:05:00,225.675,13.53,68.76,3.65
"519","O3",2015-11-12 03:10:00,233.89,13.555,68.655,3.63
"520","O3",2015-11-12 03:15:00,224.58,13.57,68.52,3.63
"521","O3",2015-11-12 03:20:00,224.085,13.605,68.445,3.63
"522","O3",2015-11-12 03:25:00,230.54,13.665,68.4,3.63
"523","O3",2015-11-12 03:30:00,228.01,13.7,68.37,3.65
"525","O3",2015-11-12 03:40:00,224.97,13.77,68.3,3.63
"526","O3",2015-11-12 03:45:00,225.48,13.775,68.3,3.63
"527","O3",2015-11-12 03:50:00,225.745,13.75,68.31,3.63
"528","O3",2015-11-12 03:55:00,229.48,13.77,68.31,3.63
"529","O3",2015-11-12 04:00:00,220.855,13.8,68.32,3.64
"530","O3",2015-11-12 04:05:00,220.135,13.84,68.35,3.63
"531","O3",2015-11-12 04:10:00,211.61,13.87,68.345,3.63
"532","O3",2015-11-12 04:15:00,225.795,13.88,68.33,3.63
"533","O3",2015-11-12 04:20:00,218.065,13.905,68.31,3.63
"534","O3",2015-11-12 04:25:00,230.54,13.925,68.285,3.63
"535","O3",2015-11-12 04:30:00,219.78,13.95,68.26,3.63
"536","O3",2015-11-12 04:35:00,230.61,13.94,68.275,3.63
"538","O3",2015-11-12 04:45:00,221.09,13.94,68.24,3.63
"539","O3",2015-11-12 04:50:00,225.515,13.945,68.24,3.63
"540","O3",2015-11-12 04:55:00,238.71,13.98,68.26,3.63
"541","O3",2015-11-12 05:00:00,238.015,13.9733333333333,68.2766666666667,3.63
"542","O3",2015-11-12 05:05:00,228.655,13.99,68.38,3.63
"543","O3",2015-11-12 05:10:00,220.2,14.01,68.42,3.63
"544","O3",2015-11-12 05:15:00,218.165,14.0166666666667,68.46,3.63
"545","O3",2015-11-12 05:20:00,222.105,14.02,68.49,3.63
"546","O3",2015-11-12 05:25:00,237.12,14.045,68.525,3.63
"547","O3",2015-11-12 05:30:00,224.025,14.01,68.52,3.63
"548","O3",2015-11-12 05:35:00,227.75,14.01,68.57,3.63
"549","O3",2015-11-12 05:40:00,217.97,13.9866666666667,68.64,3.63
"550","O3",2015-11-12 05:45:00,223.065,13.9733333333333,68.66,3.63
"551","O3",2015-11-12 05:50:00,226.65,14,68.695,3.63
"552","O3",2015-11-12 05:55:00,227.64,13.95,68.74,3.63
"553","O3",2015-11-12 06:00:00,224.37,13.915,68.735,3.63
"554","O3",2015-11-12 06:05:00,219.355,13.92,68.74,3.63
"555","O3",2015-11-12 06:10:00,225.49,13.935,68.73,3.63
"556","O3",2015-11-12 06:15:00,214.04,13.975,68.725,3.63
"557","O3",2015-11-12 06:20:00,225.88,13.99,68.74,3.63
"558","O3",2015-11-12 06:25:00,218.72,14.025,68.715,3.63
"559","O3",2015-11-12 06:30:00,224.505,14.065,68.725,3.63
"560","O3",2015-11-12 06:35:00,222.225,14.09,68.7,3.63
"561","O3",2015-11-12 06:40:00,226,14.145,68.675,3.63
"562","O3",2015-11-12 06:45:00,220.215,14.18,68.62,3.63
"563","O3",2015-11-12 06:50:00,216.325,14.2,68.57,3.63
"564","O3",2015-11-12 06:55:00,224.59,14.245,68.49,3.62
"565","O3",2015-11-12 07:00:00,221.175,14.31,68.43,3.63
"566","O3",2015-11-12 07:05:00,220.815,14.335,68.38,3.61
"567","O3",2015-11-12 07:10:00,219.08,14.37,68.31,3.61
"568","O3",2015-11-12 07:15:00,219.8,14.405,68.28,3.61
"569","O3",2015-11-12 07:20:00,225.205,14.45,68.225,3.62
"570","O3",2015-11-12 07:25:00,224.25,14.5,68.21,3.61
"571","O3",2015-11-12 07:30:00,221.42,14.545,68.135,3.61
"572","O3",2015-11-12 07:35:00,214.675,14.61,68.08,3.61
"573","O3",2015-11-12 07:40:00,208.97,14.68,68.04,3.61
"574","O3",2015-11-12 07:45:00,222.905,14.79,67.84,3.61
"575","O3",2015-11-12 07:50:00,214.575,14.81,67.66,3.61
"576","O3",2015-11-12 07:55:00,225.64,14.81,67.555,3.61
